team_id,team_name,game_id,game_date,matchup,wl,score_differential
1610612737,Atlanta Hawks,0022401186,"APR 13, 2025",ATL vs. ORL,W,12.0
1610612737,Atlanta Hawks,0022401173,"APR 11, 2025",ATL @ PHI,W,14.0
1610612737,Atlanta Hawks,0022401169,"APR 10, 2025",ATL @ BKN,W,24.0
1610612737,Atlanta Hawks,0022401149,"APR 08, 2025",ATL @ ORL,L,-7.0
1610612737,Atlanta Hawks,0022401136,"APR 06, 2025",ATL vs. UTA,W,13.0
1610612737,Atlanta Hawks,0022401128,"APR 05, 2025",ATL vs. NYK,L,-16.0
1610612737,Atlanta Hawks,0022401109,"APR 02, 2025",ATL @ DAL,L,-2.0
1610612737,Atlanta Hawks,0022401097,"APR 01, 2025",ATL vs. POR,L,-14.0
1610612737,Atlanta Hawks,0022401083,"MAR 30, 2025",ATL @ MIL,W,21.0
1610612737,Atlanta Hawks,0022401062,"MAR 27, 2025",ATL @ MIA,L,-10.0
1610612737,Atlanta Hawks,0022401049,"MAR 25, 2025",ATL @ HOU,L,-7.0
1610612737,Atlanta Hawks,0022401031,"MAR 23, 2025",ATL vs. PHI,W,13.0
1610612737,Atlanta Hawks,0022401025,"MAR 22, 2025",ATL vs. GSW,W,9.0
1610612737,Atlanta Hawks,0022400993,"MAR 18, 2025",ATL @ CHA,W,32.0
1610612737,Atlanta Hawks,0022400978,"MAR 16, 2025",ATL @ BKN,L,-8.0
1610612737,Atlanta Hawks,0022400960,"MAR 14, 2025",ATL vs. LAC,L,-23.0
1610612737,Atlanta Hawks,0022400945,"MAR 12, 2025",ATL vs. CHA,W,13.0
1610612737,Atlanta Hawks,0022400928,"MAR 10, 2025",ATL vs. PHI,W,9.0
1610612737,Atlanta Hawks,0022400914,"MAR 08, 2025",ATL vs. IND,W,2.0
1610612737,Atlanta Hawks,0022400899,"MAR 06, 2025",ATL vs. IND,W,6.0
1610612737,Atlanta Hawks,0022400884,"MAR 04, 2025",ATL vs. MIL,L,-6.0
1610612737,Atlanta Hawks,0022400878,"MAR 03, 2025",ATL @ MEM,W,2.0
1610612737,Atlanta Hawks,0022400851,"FEB 28, 2025",ATL vs. OKC,L,-16.0
1610612737,Atlanta Hawks,0022400841,"FEB 26, 2025",ATL @ MIA,L,-22.0
1610612737,Atlanta Hawks,0022400825,"FEB 24, 2025",ATL vs. MIA,W,12.0
1610612737,Atlanta Hawks,0022400814,"FEB 23, 2025",ATL vs. DET,L,-5.0
1610612737,Atlanta Hawks,0022400790,"FEB 20, 2025",ATL vs. ORL,L,-6.0
1610612737,Atlanta Hawks,0022400773,"FEB 12, 2025",ATL @ NYK,L,-1.0
1610612737,Atlanta Hawks,0022400756,"FEB 10, 2025",ATL @ ORL,W,6.0
1610612737,Atlanta Hawks,0022400744,"FEB 08, 2025",ATL @ WAS,W,14.0
1610612737,Atlanta Hawks,0022400736,"FEB 07, 2025",ATL vs. MIL,W,5.0
1610612737,Atlanta Hawks,0022400719,"FEB 05, 2025",ATL vs. SAS,L,-1.0
1610612737,Atlanta Hawks,0022400701,"FEB 03, 2025",ATL @ DET,W,2.0
1610612737,Atlanta Hawks,0022400686,"FEB 01, 2025",ATL @ IND,L,-5.0
1610612737,Atlanta Hawks,0022400675,"JAN 30, 2025",ATL @ CLE,L,-22.0
1610612737,Atlanta Hawks,0022400532,"JAN 28, 2025",ATL vs. HOU,L,-4.0
1610612737,Atlanta Hawks,0022400656,"JAN 27, 2025",ATL @ MIN,L,-8.0
1610612737,Atlanta Hawks,0022400639,"JAN 25, 2025",ATL vs. TOR,L,-23.0
1610612737,Atlanta Hawks,0022400623,"JAN 23, 2025",ATL vs. TOR,L,-3.0
1610612737,Atlanta Hawks,0022400612,"JAN 22, 2025",ATL vs. DET,L,-10.0
1610612737,Atlanta Hawks,0022400602,"JAN 20, 2025",ATL @ NYK,L,-9.0
1610612737,Atlanta Hawks,0022400587,"JAN 18, 2025",ATL @ BOS,W,4.0
1610612737,Atlanta Hawks,0022400563,"JAN 15, 2025",ATL @ CHI,W,16.0
1610612737,Atlanta Hawks,0022400556,"JAN 14, 2025",ATL vs. PHX,W,5.0
1610612737,Atlanta Hawks,0022400522,"JAN 09, 2025",ATL @ PHX,L,-8.0
1610612737,Atlanta Hawks,0022400506,"JAN 07, 2025",ATL @ UTA,W,3.0
1610612737,Atlanta Hawks,0022400486,"JAN 04, 2025",ATL @ LAC,L,-26.0
1610612737,Atlanta Hawks,0022400477,"JAN 03, 2025",ATL @ LAL,L,-17.0
1610612737,Atlanta Hawks,0022400461,"JAN 01, 2025",ATL @ DEN,L,-19.0
1610612737,Atlanta Hawks,0022400438,"DEC 29, 2024",ATL @ TOR,W,29.0
1610612737,Atlanta Hawks,0022400427,"DEC 28, 2024",ATL vs. MIA,W,10.0
1610612737,Atlanta Hawks,0022400413,"DEC 26, 2024",ATL vs. CHI,W,8.0
1610612737,Atlanta Hawks,0022400395,"DEC 23, 2024",ATL vs. MIN,W,13.0
1610612737,Atlanta Hawks,0022400378,"DEC 21, 2024",ATL vs. MEM,L,-16.0
1610612737,Atlanta Hawks,0022400370,"DEC 19, 2024",ATL @ SAS,L,-7.0
1610612737,Atlanta Hawks,0022401229,"DEC 14, 2024",ATL @ MIL,L,-8.0
1610612737,Atlanta Hawks,0022401202,"DEC 11, 2024",ATL @ NYK,W,8.0
1610612737,Atlanta Hawks,0022400350,"DEC 08, 2024",ATL vs. DEN,L,-30.0
1610612737,Atlanta Hawks,0022400334,"DEC 06, 2024",ATL vs. LAL,W,2.0
1610612737,Atlanta Hawks,0022400323,"DEC 04, 2024",ATL @ MIL,W,15.0
1610612737,Atlanta Hawks,0022400315,"DEC 02, 2024",ATL vs. NOP,W,12.0
1610612737,Atlanta Hawks,0022400300,"NOV 30, 2024",ATL @ CHA,W,3.0
1610612737,Atlanta Hawks,0022400041,"NOV 29, 2024",ATL vs. CLE,W,16.0
1610612737,Atlanta Hawks,0022400287,"NOV 27, 2024",ATL @ CLE,W,11.0
1610612737,Atlanta Hawks,0022400280,"NOV 25, 2024",ATL vs. DAL,L,-10.0
1610612737,Atlanta Hawks,0022400030,"NOV 22, 2024",ATL @ CHI,L,-14.0
1610612737,Atlanta Hawks,0022400258,"NOV 20, 2024",ATL @ GSW,L,-23.0
1610612737,Atlanta Hawks,0022400250,"NOV 18, 2024",ATL @ SAC,W,1.0
1610612737,Atlanta Hawks,0022400239,"NOV 17, 2024",ATL @ POR,L,-4.0
1610612737,Atlanta Hawks,0022400012,"NOV 15, 2024",ATL vs. WAS,W,12.0
1610612737,Atlanta Hawks,0022400001,"NOV 12, 2024",ATL @ BOS,W,1.0
1610612737,Atlanta Hawks,0022400198,"NOV 09, 2024",ATL vs. CHI,L,-12.0
1610612737,Atlanta Hawks,0022400185,"NOV 08, 2024",ATL @ DET,L,-1.0
1610612737,Atlanta Hawks,0022400171,"NOV 06, 2024",ATL vs. NYK,W,5.0
1610612737,Atlanta Hawks,0022400157,"NOV 04, 2024",ATL vs. BOS,L,-30.0
1610612737,Atlanta Hawks,0022400152,"NOV 03, 2024",ATL @ NOP,W,15.0
1610612737,Atlanta Hawks,0022400135,"NOV 01, 2024",ATL vs. SAC,L,-8.0
1610612737,Atlanta Hawks,0022400121,"OCT 30, 2024",ATL @ WAS,L,-13.0
1610612737,Atlanta Hawks,0022400103,"OCT 28, 2024",ATL vs. WAS,L,-2.0
1610612737,Atlanta Hawks,0022400100,"OCT 27, 2024",ATL @ OKC,L,-24.0
1610612737,Atlanta Hawks,0022400079,"OCT 25, 2024",ATL vs. CHA,W,5.0
1610612737,Atlanta Hawks,0022400064,"OCT 23, 2024",ATL vs. BKN,W,4.0
1610612738,Boston Celtics,0022401187,"APR 13, 2025",BOS vs. CHA,W,7.0
1610612738,Boston Celtics,0022401174,"APR 11, 2025",BOS vs. CHA,W,36.0
1610612738,Boston Celtics,0022401156,"APR 09, 2025",BOS @ ORL,L,-20.0
1610612738,Boston Celtics,0022401151,"APR 08, 2025",BOS @ NYK,W,2.0
1610612738,Boston Celtics,0022401137,"APR 06, 2025",BOS vs. WAS,W,34.0
1610612738,Boston Celtics,0022401120,"APR 04, 2025",BOS vs. PHX,W,20.0
1610612738,Boston Celtics,0022401106,"APR 02, 2025",BOS vs. MIA,L,-21.0
1610612738,Boston Celtics,0022401093,"MAR 31, 2025",BOS @ MEM,W,14.0
1610612738,Boston Celtics,0022401080,"MAR 29, 2025",BOS @ SAS,W,10.0
1610612738,Boston Celtics,0022401058,"MAR 26, 2025",BOS @ PHX,W,30.0
1610612738,Boston Celtics,0022401044,"MAR 24, 2025",BOS @ SAC,W,18.0
1610612738,Boston Celtics,0022401034,"MAR 23, 2025",BOS @ POR,W,13.0
1610612738,Boston Celtics,0022401020,"MAR 21, 2025",BOS @ UTA,W,22.0
1610612738,Boston Celtics,0022400994,"MAR 18, 2025",BOS vs. BKN,W,8.0
1610612738,Boston Celtics,0022400968,"MAR 15, 2025",BOS @ BKN,W,2.0
1610612738,Boston Celtics,0022400958,"MAR 14, 2025",BOS @ MIA,W,12.0
1610612738,Boston Celtics,0022400946,"MAR 12, 2025",BOS vs. OKC,L,-6.0
1610612738,Boston Celtics,0022400929,"MAR 10, 2025",BOS vs. UTA,W,6.0
1610612738,Boston Celtics,0022400918,"MAR 08, 2025",BOS vs. LAL,W,10.0
1610612738,Boston Celtics,0022400900,"MAR 06, 2025",BOS vs. PHI,W,18.0
1610612738,Boston Celtics,0022400891,"MAR 05, 2025",BOS vs. POR,W,10.0
1610612738,Boston Celtics,0022400866,"MAR 02, 2025",BOS vs. DEN,W,7.0
1610612738,Boston Celtics,0022400852,"FEB 28, 2025",BOS vs. CLE,L,-7.0
1610612738,Boston Celtics,0022400836,"FEB 26, 2025",BOS @ DET,L,-20.0
1610612738,Boston Celtics,0022400829,"FEB 25, 2025",BOS @ TOR,W,10.0
1610612738,Boston Celtics,0022400811,"FEB 23, 2025",BOS vs. NYK,W,13.0
1610612738,Boston Celtics,0022400789,"FEB 20, 2025",BOS @ PHI,W,20.0
1610612738,Boston Celtics,0022400769,"FEB 12, 2025",BOS vs. SAS,W,13.0
1610612738,Boston Celtics,0022400759,"FEB 10, 2025",BOS @ MIA,W,18.0
1610612738,Boston Celtics,0022400748,"FEB 08, 2025",BOS @ NYK,W,27.0
1610612738,Boston Celtics,0022400728,"FEB 06, 2025",BOS vs. DAL,L,-7.0
1610612738,Boston Celtics,0022400710,"FEB 04, 2025",BOS @ CLE,W,7.0
1610612738,Boston Celtics,0022400698,"FEB 02, 2025",BOS @ PHI,W,8.0
1610612738,Boston Celtics,0022400683,"JAN 31, 2025",BOS @ NOP,W,2.0
1610612738,Boston Celtics,0022400666,"JAN 29, 2025",BOS vs. CHI,W,22.0
1610612738,Boston Celtics,0022400650,"JAN 27, 2025",BOS vs. HOU,L,-2.0
1610612738,Boston Celtics,0022400635,"JAN 25, 2025",BOS @ DAL,W,15.0
1610612738,Boston Celtics,0022400629,"JAN 23, 2025",BOS @ LAL,L,-21.0
1610612738,Boston Celtics,0022400620,"JAN 22, 2025",BOS @ LAC,W,4.0
1610612738,Boston Celtics,0022400604,"JAN 20, 2025",BOS @ GSW,W,40.0
1610612738,Boston Celtics,0022400587,"JAN 18, 2025",BOS vs. ATL,L,-4.0
1610612738,Boston Celtics,0022400577,"JAN 17, 2025",BOS vs. ORL,W,27.0
1610612738,Boston Celtics,0022400562,"JAN 15, 2025",BOS @ TOR,L,-13.0
1610612738,Boston Celtics,0022400542,"JAN 12, 2025",BOS vs. NOP,W,1.0
1610612738,Boston Celtics,0022400528,"JAN 10, 2025",BOS vs. SAC,L,-17.0
1610612738,Boston Celtics,0022400507,"JAN 07, 2025",BOS @ DEN,W,12.0
1610612738,Boston Celtics,0022400487,"JAN 05, 2025",BOS @ OKC,L,-13.0
1610612738,Boston Celtics,0022400471,"JAN 03, 2025",BOS @ HOU,W,23.0
1610612738,Boston Celtics,0022400464,"JAN 02, 2025",BOS @ MIN,W,3.0
1610612738,Boston Celtics,0022400449,"DEC 31, 2024",BOS vs. TOR,W,54.0
1610612738,Boston Celtics,0022400437,"DEC 29, 2024",BOS vs. IND,L,-9.0
1610612738,Boston Celtics,0022400420,"DEC 27, 2024",BOS vs. IND,W,37.0
1610612738,Boston Celtics,0022400407,"DEC 25, 2024",BOS vs. PHI,L,-4.0
1610612738,Boston Celtics,0022400393,"DEC 23, 2024",BOS @ ORL,L,-4.0
1610612738,Boston Celtics,0022400381,"DEC 21, 2024",BOS @ CHI,W,25.0
1610612738,Boston Celtics,0022400363,"DEC 19, 2024",BOS vs. CHI,L,-9.0
1610612738,Boston Celtics,0022401217,"DEC 15, 2024",BOS @ WAS,W,14.0
1610612738,Boston Celtics,0022401205,"DEC 12, 2024",BOS vs. DET,W,24.0
1610612738,Boston Celtics,0022400345,"DEC 07, 2024",BOS vs. MEM,L,-6.0
1610612738,Boston Celtics,0022400335,"DEC 06, 2024",BOS vs. MIL,W,6.0
1610612738,Boston Celtics,0022400319,"DEC 04, 2024",BOS vs. DET,W,10.0
1610612738,Boston Celtics,0022400316,"DEC 02, 2024",BOS vs. MIA,W,19.0
1610612738,Boston Celtics,0022400307,"DEC 01, 2024",BOS @ CLE,L,-4.0
1610612738,Boston Celtics,0022400047,"NOV 29, 2024",BOS @ CHI,W,9.0
1610612738,Boston Celtics,0022400281,"NOV 25, 2024",BOS vs. LAC,W,32.0
1610612738,Boston Celtics,0022400271,"NOV 24, 2024",BOS vs. MIN,W,2.0
1610612738,Boston Celtics,0022400028,"NOV 22, 2024",BOS @ WAS,W,12.0
1610612738,Boston Celtics,0022400021,"NOV 19, 2024",BOS vs. CLE,W,3.0
1610612738,Boston Celtics,0022400230,"NOV 16, 2024",BOS vs. TOR,W,3.0
1610612738,Boston Celtics,0022400218,"NOV 13, 2024",BOS @ BKN,W,25.0
1610612738,Boston Celtics,0022400001,"NOV 12, 2024",BOS vs. ATL,L,-1.0
1610612738,Boston Celtics,0022400202,"NOV 10, 2024",BOS @ MIL,W,6.0
1610612738,Boston Celtics,0022400187,"NOV 08, 2024",BOS vs. BKN,W,4.0
1610612738,Boston Celtics,0022400172,"NOV 06, 2024",BOS vs. GSW,L,-6.0
1610612738,Boston Celtics,0022400157,"NOV 04, 2024",BOS @ ATL,W,30.0
1610612738,Boston Celtics,0022400141,"NOV 02, 2024",BOS @ CHA,W,10.0
1610612738,Boston Celtics,0022400132,"NOV 01, 2024",BOS @ CHA,W,15.0
1610612738,Boston Celtics,0022400119,"OCT 30, 2024",BOS @ IND,L,-3.0
1610612738,Boston Celtics,0022400104,"OCT 28, 2024",BOS vs. MIL,W,11.0
1610612738,Boston Celtics,0022400089,"OCT 26, 2024",BOS @ DET,W,6.0
1610612738,Boston Celtics,0022400073,"OCT 24, 2024",BOS @ WAS,W,20.0
1610612738,Boston Celtics,0022400061,"OCT 22, 2024",BOS vs. NYK,W,23.0
1610612739,Cleveland Cavaliers,0022401189,"APR 13, 2025",CLE vs. IND,L,-8.0
1610612739,Cleveland Cavaliers,0022401175,"APR 11, 2025",CLE @ NYK,W,6.0
1610612739,Cleveland Cavaliers,0022401168,"APR 10, 2025",CLE @ IND,L,-2.0
1610612739,Cleveland Cavaliers,0022401147,"APR 08, 2025",CLE vs. CHI,W,22.0
1610612739,Cleveland Cavaliers,0022401138,"APR 06, 2025",CLE vs. SAC,L,-7.0
1610612739,Cleveland Cavaliers,0022401124,"APR 04, 2025",CLE @ SAS,W,1.0
1610612739,Cleveland Cavaliers,0022401103,"APR 02, 2025",CLE vs. NYK,W,19.0
1610612739,Cleveland Cavaliers,0022401081,"MAR 30, 2025",CLE vs. LAC,W,5.0
1610612739,Cleveland Cavaliers,0022401067,"MAR 28, 2025",CLE @ DET,L,-11.0
1610612739,Cleveland Cavaliers,0022401059,"MAR 27, 2025",CLE vs. SAS,W,8.0
1610612739,Cleveland Cavaliers,0022401051,"MAR 25, 2025",CLE @ POR,W,11.0
1610612739,Cleveland Cavaliers,0022401030,"MAR 23, 2025",CLE @ UTA,W,29.0
1610612739,Cleveland Cavaliers,0022401021,"MAR 21, 2025",CLE @ PHX,L,-11.0
1610612739,Cleveland Cavaliers,0022401009,"MAR 19, 2025",CLE @ SAC,L,-4.0
1610612739,Cleveland Cavaliers,0022400997,"MAR 18, 2025",CLE @ LAC,L,-13.0
1610612739,Cleveland Cavaliers,0022400979,"MAR 16, 2025",CLE vs. ORL,L,-5.0
1610612739,Cleveland Cavaliers,0022400962,"MAR 14, 2025",CLE @ MEM,W,9.0
1610612739,Cleveland Cavaliers,0022400940,"MAR 11, 2025",CLE vs. BKN,W,5.0
1610612739,Cleveland Cavaliers,0022400922,"MAR 09, 2025",CLE @ MIL,W,12.0
1610612739,Cleveland Cavaliers,0022400904,"MAR 07, 2025",CLE @ CHA,W,1.0
1610612739,Cleveland Cavaliers,0022400893,"MAR 05, 2025",CLE vs. MIA,W,5.0
1610612739,Cleveland Cavaliers,0022400886,"MAR 04, 2025",CLE @ CHI,W,22.0
1610612739,Cleveland Cavaliers,0022400867,"MAR 02, 2025",CLE vs. POR,W,4.0
1610612739,Cleveland Cavaliers,0022400852,"FEB 28, 2025",CLE @ BOS,W,7.0
1610612739,Cleveland Cavaliers,0022400830,"FEB 25, 2025",CLE @ ORL,W,40.0
1610612739,Cleveland Cavaliers,0022400819,"FEB 23, 2025",CLE vs. MEM,W,6.0
1610612739,Cleveland Cavaliers,0022400797,"FEB 21, 2025",CLE vs. NYK,W,37.0
1610612739,Cleveland Cavaliers,0022400791,"FEB 20, 2025",CLE @ BKN,W,13.0
1610612739,Cleveland Cavaliers,0022400774,"FEB 12, 2025",CLE @ TOR,W,23.0
1610612739,Cleveland Cavaliers,0022400755,"FEB 10, 2025",CLE vs. MIN,W,21.0
1610612739,Cleveland Cavaliers,0022400735,"FEB 07, 2025",CLE @ WAS,W,10.0
1610612739,Cleveland Cavaliers,0022400718,"FEB 05, 2025",CLE @ DET,W,3.0
1610612739,Cleveland Cavaliers,0022400710,"FEB 04, 2025",CLE vs. BOS,L,-7.0
1610612739,Cleveland Cavaliers,0022400696,"FEB 02, 2025",CLE vs. DAL,W,43.0
1610612739,Cleveland Cavaliers,0022400675,"JAN 30, 2025",CLE vs. ATL,W,22.0
1610612739,Cleveland Cavaliers,0022400667,"JAN 29, 2025",CLE @ MIA,W,20.0
1610612739,Cleveland Cavaliers,0022400649,"JAN 27, 2025",CLE vs. DET,W,19.0
1610612739,Cleveland Cavaliers,0022400640,"JAN 25, 2025",CLE vs. HOU,L,-4.0
1610612739,Cleveland Cavaliers,0022400631,"JAN 24, 2025",CLE @ PHI,L,-3.0
1610612739,Cleveland Cavaliers,0022400615,"JAN 22, 2025",CLE @ HOU,L,-1.0
1610612739,Cleveland Cavaliers,0022400603,"JAN 20, 2025",CLE vs. PHX,W,26.0
1610612739,Cleveland Cavaliers,0022400590,"JAN 18, 2025",CLE @ MIN,W,7.0
1610612739,Cleveland Cavaliers,0022400574,"JAN 16, 2025",CLE @ OKC,L,-20.0
1610612739,Cleveland Cavaliers,0022400554,"JAN 14, 2025",CLE @ IND,W,10.0
1610612739,Cleveland Cavaliers,0022400543,"JAN 12, 2025",CLE vs. IND,L,-15.0
1610612739,Cleveland Cavaliers,0022400517,"JAN 09, 2025",CLE vs. TOR,W,6.0
1610612739,Cleveland Cavaliers,0022400509,"JAN 08, 2025",CLE vs. OKC,W,7.0
1610612739,Cleveland Cavaliers,0022400488,"JAN 05, 2025",CLE vs. CHA,W,10.0
1610612739,Cleveland Cavaliers,0022400474,"JAN 03, 2025",CLE @ DAL,W,12.0
1610612739,Cleveland Cavaliers,0022400454,"DEC 31, 2024",CLE @ LAL,W,12.0
1610612739,Cleveland Cavaliers,0022400446,"DEC 30, 2024",CLE @ GSW,W,18.0
1610612739,Cleveland Cavaliers,0022400424,"DEC 27, 2024",CLE @ DEN,W,14.0
1610612739,Cleveland Cavaliers,0022400392,"DEC 23, 2024",CLE vs. UTA,W,11.0
1610612739,Cleveland Cavaliers,0022400380,"DEC 21, 2024",CLE vs. PHI,W,27.0
1610612739,Cleveland Cavaliers,0022400374,"DEC 20, 2024",CLE vs. MIL,W,23.0
1610612739,Cleveland Cavaliers,0022401224,"DEC 16, 2024",CLE @ BKN,W,29.0
1610612739,Cleveland Cavaliers,0022401208,"DEC 13, 2024",CLE vs. WAS,W,10.0
1610612739,Cleveland Cavaliers,0022400351,"DEC 08, 2024",CLE @ MIA,L,-9.0
1610612739,Cleveland Cavaliers,0022400340,"DEC 07, 2024",CLE @ CHA,W,14.0
1610612739,Cleveland Cavaliers,0022400325,"DEC 05, 2024",CLE vs. DEN,W,12.0
1610612739,Cleveland Cavaliers,0022400051,"DEC 03, 2024",CLE vs. WAS,W,31.0
1610612739,Cleveland Cavaliers,0022400307,"DEC 01, 2024",CLE vs. BOS,W,4.0
1610612739,Cleveland Cavaliers,0022400041,"NOV 29, 2024",CLE @ ATL,L,-16.0
1610612739,Cleveland Cavaliers,0022400287,"NOV 27, 2024",CLE vs. ATL,L,-11.0
1610612739,Cleveland Cavaliers,0022400275,"NOV 24, 2024",CLE vs. TOR,W,14.0
1610612739,Cleveland Cavaliers,0022400252,"NOV 20, 2024",CLE vs. NOP,W,28.0
1610612739,Cleveland Cavaliers,0022400021,"NOV 19, 2024",CLE @ BOS,L,-3.0
1610612739,Cleveland Cavaliers,0022400236,"NOV 17, 2024",CLE vs. CHA,W,14.0
1610612739,Cleveland Cavaliers,0022400013,"NOV 15, 2024",CLE vs. CHI,W,18.0
1610612739,Cleveland Cavaliers,0022400220,"NOV 13, 2024",CLE @ PHI,W,8.0
1610612739,Cleveland Cavaliers,0022400212,"NOV 11, 2024",CLE @ CHI,W,6.0
1610612739,Cleveland Cavaliers,0022400199,"NOV 09, 2024",CLE vs. BKN,W,5.0
1610612739,Cleveland Cavaliers,0022400188,"NOV 08, 2024",CLE vs. GSW,W,19.0
1610612739,Cleveland Cavaliers,0022400175,"NOV 06, 2024",CLE @ NOP,W,9.0
1610612739,Cleveland Cavaliers,0022400154,"NOV 04, 2024",CLE vs. MIL,W,2.0
1610612739,Cleveland Cavaliers,0022400145,"NOV 02, 2024",CLE @ MIL,W,1.0
1610612739,Cleveland Cavaliers,0022400133,"NOV 01, 2024",CLE vs. ORL,W,11.0
1610612739,Cleveland Cavaliers,0022400118,"OCT 30, 2024",CLE vs. LAL,W,24.0
1610612739,Cleveland Cavaliers,0022400106,"OCT 28, 2024",CLE @ NYK,W,6.0
1610612739,Cleveland Cavaliers,0022400090,"OCT 26, 2024",CLE @ WAS,W,19.0
1610612739,Cleveland Cavaliers,0022400080,"OCT 25, 2024",CLE vs. DET,W,12.0
1610612739,Cleveland Cavaliers,0022400067,"OCT 23, 2024",CLE @ TOR,W,30.0
1610612740,New Orleans Pelicans,0022401196,"APR 13, 2025",NOP vs. OKC,L,-15.0
1610612740,New Orleans Pelicans,0022401177,"APR 11, 2025",NOP vs. MIA,L,-49.0
1610612740,New Orleans Pelicans,0022401161,"APR 10, 2025",NOP @ MIL,L,-25.0
1610612740,New Orleans Pelicans,0022401150,"APR 08, 2025",NOP @ BKN,L,-5.0
1610612740,New Orleans Pelicans,0022400617,"APR 06, 2025",NOP vs. MIL,L,-4.0
1610612740,New Orleans Pelicans,0022401126,"APR 04, 2025",NOP @ LAL,L,-16.0
1610612740,New Orleans Pelicans,0022401111,"APR 02, 2025",NOP @ LAC,L,-16.0
1610612740,New Orleans Pelicans,0022401085,"MAR 30, 2025",NOP vs. CHA,W,4.0
1610612740,New Orleans Pelicans,0022401072,"MAR 28, 2025",NOP vs. GSW,L,-16.0
1610612740,New Orleans Pelicans,0022401041,"MAR 24, 2025",NOP vs. PHI,W,13.0
1610612740,New Orleans Pelicans,0022401029,"MAR 23, 2025",NOP @ DET,L,-6.0
1610612740,New Orleans Pelicans,0022401016,"MAR 21, 2025",NOP @ MIN,L,-41.0
1610612740,New Orleans Pelicans,0022401001,"MAR 19, 2025",NOP @ MIN,W,4.0
1610612740,New Orleans Pelicans,0022400987,"MAR 17, 2025",NOP vs. DET,L,-46.0
1610612740,New Orleans Pelicans,0022400973,"MAR 15, 2025",NOP @ SAS,L,-4.0
1610612740,New Orleans Pelicans,0022401141,"MAR 13, 2025",NOP vs. ORL,L,-20.0
1610612740,New Orleans Pelicans,0022400943,"MAR 11, 2025",NOP vs. LAC,W,7.0
1610612740,New Orleans Pelicans,0022400923,"MAR 09, 2025",NOP vs. MEM,L,-3.0
1610612740,New Orleans Pelicans,0022400913,"MAR 08, 2025",NOP @ HOU,L,-29.0
1610612740,New Orleans Pelicans,0022400902,"MAR 06, 2025",NOP vs. HOU,L,-12.0
1610612740,New Orleans Pelicans,0022400890,"MAR 04, 2025",NOP @ LAL,L,-21.0
1610612740,New Orleans Pelicans,0022400872,"MAR 02, 2025",NOP @ UTA,W,7.0
1610612740,New Orleans Pelicans,0022400857,"FEB 28, 2025",NOP @ PHX,L,-17.0
1610612740,New Orleans Pelicans,0022400848,"FEB 27, 2025",NOP @ PHX,W,8.0
1610612740,New Orleans Pelicans,0022400833,"FEB 25, 2025",NOP vs. SAS,W,6.0
1610612740,New Orleans Pelicans,0022400818,"FEB 23, 2025",NOP vs. SAS,W,18.0
1610612740,New Orleans Pelicans,0022400803,"FEB 21, 2025",NOP @ DAL,L,-8.0
1610612740,New Orleans Pelicans,0022400785,"FEB 13, 2025",NOP vs. SAC,W,7.0
1610612740,New Orleans Pelicans,0022400777,"FEB 12, 2025",NOP vs. SAC,L,-8.0
1610612740,New Orleans Pelicans,0022400761,"FEB 10, 2025",NOP @ OKC,L,-36.0
1610612740,New Orleans Pelicans,0022400750,"FEB 08, 2025",NOP @ SAC,L,-5.0
1610612740,New Orleans Pelicans,0022400726,"FEB 05, 2025",NOP @ DEN,L,-25.0
1610612740,New Orleans Pelicans,0022400706,"FEB 03, 2025",NOP @ DEN,L,-12.0
1610612740,New Orleans Pelicans,0022400683,"JAN 31, 2025",NOP vs. BOS,L,-2.0
1610612740,New Orleans Pelicans,0022400670,"JAN 29, 2025",NOP vs. DAL,L,-1.0
1610612740,New Orleans Pelicans,0022400654,"JAN 27, 2025",NOP @ TOR,L,-9.0
1610612740,New Orleans Pelicans,0022400637,"JAN 25, 2025",NOP @ CHA,L,-31.0
1610612740,New Orleans Pelicans,0022400632,"JAN 24, 2025",NOP @ MEM,L,-13.0
1610612740,New Orleans Pelicans,0022400605,"JAN 20, 2025",NOP vs. UTA,W,4.0
1610612740,New Orleans Pelicans,0022400581,"JAN 17, 2025",NOP vs. UTA,W,13.0
1610612740,New Orleans Pelicans,0022400566,"JAN 15, 2025",NOP vs. DAL,W,3.0
1610612740,New Orleans Pelicans,0022400557,"JAN 14, 2025",NOP @ CHI,W,6.0
1610612740,New Orleans Pelicans,0022400542,"JAN 12, 2025",NOP @ BOS,L,-1.0
1610612740,New Orleans Pelicans,0022400527,"JAN 10, 2025",NOP @ PHI,W,8.0
1610612740,New Orleans Pelicans,0022400514,"JAN 08, 2025",NOP vs. POR,L,-19.0
1610612740,New Orleans Pelicans,0022400505,"JAN 07, 2025",NOP vs. MIN,L,-7.0
1610612740,New Orleans Pelicans,0022400489,"JAN 05, 2025",NOP @ WAS,W,12.0
1610612740,New Orleans Pelicans,0022400472,"JAN 03, 2025",NOP vs. WAS,W,12.0
1610612740,New Orleans Pelicans,0022400457,"JAN 01, 2025",NOP @ MIA,L,-11.0
1610612740,New Orleans Pelicans,0022400444,"DEC 30, 2024",NOP vs. LAC,L,-3.0
1610612740,New Orleans Pelicans,0022400423,"DEC 27, 2024",NOP vs. MEM,L,-8.0
1610612740,New Orleans Pelicans,0022400416,"DEC 26, 2024",NOP vs. HOU,L,-17.0
1610612740,New Orleans Pelicans,0022400390,"DEC 22, 2024",NOP vs. DEN,L,-3.0
1610612740,New Orleans Pelicans,0022400384,"DEC 21, 2024",NOP vs. NYK,L,-11.0
1610612740,New Orleans Pelicans,0022400365,"DEC 19, 2024",NOP @ HOU,L,-20.0
1610612740,New Orleans Pelicans,0022401216,"DEC 15, 2024",NOP @ IND,L,-15.0
1610612740,New Orleans Pelicans,0022401207,"DEC 12, 2024",NOP vs. SAC,L,-2.0
1610612740,New Orleans Pelicans,0022400354,"DEC 08, 2024",NOP @ SAS,L,-5.0
1610612740,New Orleans Pelicans,0022400342,"DEC 07, 2024",NOP vs. OKC,L,-10.0
1610612740,New Orleans Pelicans,0022400330,"DEC 05, 2024",NOP vs. PHX,W,2.0
1610612740,New Orleans Pelicans,0022400315,"DEC 02, 2024",NOP @ ATL,L,-12.0
1610612740,New Orleans Pelicans,0022400308,"DEC 01, 2024",NOP @ NYK,L,-33.0
1610612740,New Orleans Pelicans,0022400042,"NOV 29, 2024",NOP @ MEM,L,-11.0
1610612740,New Orleans Pelicans,0022400295,"NOV 27, 2024",NOP vs. TOR,L,-26.0
1610612740,New Orleans Pelicans,0022400279,"NOV 25, 2024",NOP @ IND,L,-4.0
1610612740,New Orleans Pelicans,0022400032,"NOV 22, 2024",NOP vs. GSW,L,-4.0
1610612740,New Orleans Pelicans,0022400252,"NOV 20, 2024",NOP @ CLE,L,-28.0
1610612740,New Orleans Pelicans,0022400024,"NOV 19, 2024",NOP @ DAL,L,-41.0
1610612740,New Orleans Pelicans,0022400231,"NOV 16, 2024",NOP vs. LAL,L,-5.0
1610612740,New Orleans Pelicans,0022400017,"NOV 15, 2024",NOP vs. DEN,W,7.0
1610612740,New Orleans Pelicans,0022400221,"NOV 13, 2024",NOP @ OKC,L,-18.0
1610612740,New Orleans Pelicans,0022400214,"NOV 11, 2024",NOP vs. BKN,L,-2.0
1610612740,New Orleans Pelicans,0022400186,"NOV 08, 2024",NOP @ ORL,L,-27.0
1610612740,New Orleans Pelicans,0022400175,"NOV 06, 2024",NOP vs. CLE,L,-9.0
1610612740,New Orleans Pelicans,0022400164,"NOV 04, 2024",NOP vs. POR,L,-18.0
1610612740,New Orleans Pelicans,0022400152,"NOV 03, 2024",NOP vs. ATL,L,-15.0
1610612740,New Orleans Pelicans,0022400138,"NOV 01, 2024",NOP vs. IND,W,7.0
1610612740,New Orleans Pelicans,0022400126,"OCT 30, 2024",NOP @ GSW,L,-15.0
1610612740,New Orleans Pelicans,0022400116,"OCT 29, 2024",NOP @ GSW,L,-18.0
1610612740,New Orleans Pelicans,0022400099,"OCT 27, 2024",NOP @ POR,L,-22.0
1610612740,New Orleans Pelicans,0022400086,"OCT 25, 2024",NOP @ POR,W,2.0
1610612740,New Orleans Pelicans,0022400069,"OCT 23, 2024",NOP vs. CHI,W,12.0
1610612741,Chicago Bulls,0022401191,"APR 13, 2025",CHI @ PHI,W,20.0
1610612741,Chicago Bulls,0022401176,"APR 11, 2025",CHI vs. WAS,W,30.0
1610612741,Chicago Bulls,0022401160,"APR 09, 2025",CHI vs. MIA,W,8.0
1610612741,Chicago Bulls,0022401147,"APR 08, 2025",CHI @ CLE,L,-22.0
1610612741,Chicago Bulls,0022401133,"APR 06, 2025",CHI @ CHA,W,14.0
1610612741,Chicago Bulls,0022401122,"APR 04, 2025",CHI vs. POR,W,5.0
1610612741,Chicago Bulls,0022401099,"APR 01, 2025",CHI vs. TOR,W,19.0
1610612741,Chicago Bulls,0022401094,"MAR 31, 2025",CHI @ OKC,L,-28.0
1610612741,Chicago Bulls,0022401077,"MAR 29, 2025",CHI vs. DAL,L,-1.0
1610612741,Chicago Bulls,0022401063,"MAR 27, 2025",CHI vs. LAL,W,2.0
1610612741,Chicago Bulls,0022401042,"MAR 24, 2025",CHI @ DEN,W,10.0
1610612741,Chicago Bulls,0022401028,"MAR 22, 2025",CHI @ LAL,W,31.0
1610612741,Chicago Bulls,0022401013,"MAR 20, 2025",CHI @ SAC,W,12.0
1610612741,Chicago Bulls,0022401007,"MAR 19, 2025",CHI @ PHX,L,-6.0
1610612741,Chicago Bulls,0022400989,"MAR 17, 2025",CHI @ UTA,W,14.0
1610612741,Chicago Bulls,0022400970,"MAR 15, 2025",CHI @ HOU,L,-3.0
1610612741,Chicago Bulls,0022400956,"MAR 13, 2025",CHI vs. BKN,W,6.0
1610612741,Chicago Bulls,0022400933,"MAR 10, 2025",CHI vs. IND,W,18.0
1610612741,Chicago Bulls,0022400916,"MAR 08, 2025",CHI @ MIA,W,5.0
1610612741,Chicago Bulls,0022400944,"MAR 06, 2025",CHI @ ORL,W,2.0
1610612741,Chicago Bulls,0022400886,"MAR 04, 2025",CHI vs. CLE,L,-22.0
1610612741,Chicago Bulls,0022400868,"MAR 02, 2025",CHI @ IND,L,-15.0
1610612741,Chicago Bulls,0022400855,"FEB 28, 2025",CHI vs. TOR,W,10.0
1610612741,Chicago Bulls,0022400842,"FEB 26, 2025",CHI vs. LAC,L,-5.0
1610612741,Chicago Bulls,0022400823,"FEB 24, 2025",CHI @ PHI,W,32.0
1610612741,Chicago Bulls,0022400806,"FEB 22, 2025",CHI vs. PHX,L,-4.0
1610612741,Chicago Bulls,0022400792,"FEB 20, 2025",CHI @ NYK,L,-2.0
1610612741,Chicago Bulls,0022400775,"FEB 12, 2025",CHI vs. DET,L,-18.0
1610612741,Chicago Bulls,0022400766,"FEB 11, 2025",CHI vs. DET,L,-40.0
1610612741,Chicago Bulls,0022400745,"FEB 08, 2025",CHI vs. GSW,L,-21.0
1610612741,Chicago Bulls,0022400723,"FEB 05, 2025",CHI @ MIN,L,-19.0
1610612741,Chicago Bulls,0022400714,"FEB 04, 2025",CHI vs. MIA,W,9.0
1610612741,Chicago Bulls,0022400695,"FEB 02, 2025",CHI @ DET,L,-8.0
1610612741,Chicago Bulls,0022400682,"JAN 31, 2025",CHI @ TOR,W,16.0
1610612741,Chicago Bulls,0022400666,"JAN 29, 2025",CHI @ BOS,L,-22.0
1610612741,Chicago Bulls,0022400655,"JAN 27, 2025",CHI vs. DEN,W,8.0
1610612741,Chicago Bulls,0022400642,"JAN 25, 2025",CHI vs. PHI,L,-12.0
1610612741,Chicago Bulls,0022400628,"JAN 23, 2025",CHI @ GSW,L,-25.0
1610612741,Chicago Bulls,0022400611,"JAN 20, 2025",CHI @ LAC,W,13.0
1610612741,Chicago Bulls,0022400597,"JAN 19, 2025",CHI @ POR,L,-11.0
1610612741,Chicago Bulls,0022400584,"JAN 17, 2025",CHI vs. CHA,L,-2.0
1610612741,Chicago Bulls,0022400563,"JAN 15, 2025",CHI vs. ATL,L,-16.0
1610612741,Chicago Bulls,0022400557,"JAN 14, 2025",CHI vs. NOP,L,-6.0
1610612741,Chicago Bulls,0022400541,"JAN 12, 2025",CHI vs. SAC,L,-5.0
1610612741,Chicago Bulls,0022400530,"JAN 10, 2025",CHI vs. WAS,W,33.0
1610612741,Chicago Bulls,0022400510,"JAN 08, 2025",CHI @ IND,L,-16.0
1610612741,Chicago Bulls,0022400498,"JAN 06, 2025",CHI vs. SAS,W,4.0
1610612741,Chicago Bulls,0022400482,"JAN 04, 2025",CHI vs. NYK,W,13.0
1610612741,Chicago Bulls,0022400456,"JAN 01, 2025",CHI @ WAS,L,-18.0
1610612741,Chicago Bulls,0022400442,"DEC 30, 2024",CHI @ CHA,W,7.0
1610612741,Chicago Bulls,0022400430,"DEC 28, 2024",CHI vs. MIL,W,5.0
1610612741,Chicago Bulls,0022400413,"DEC 26, 2024",CHI @ ATL,L,-8.0
1610612741,Chicago Bulls,0022400398,"DEC 23, 2024",CHI vs. MIL,L,-21.0
1610612741,Chicago Bulls,0022400381,"DEC 21, 2024",CHI vs. BOS,L,-25.0
1610612741,Chicago Bulls,0022400363,"DEC 19, 2024",CHI @ BOS,W,9.0
1610612741,Chicago Bulls,0022401223,"DEC 16, 2024",CHI @ TOR,W,1.0
1610612741,Chicago Bulls,0022401212,"DEC 13, 2024",CHI vs. CHA,W,14.0
1610612741,Chicago Bulls,0022400347,"DEC 08, 2024",CHI vs. PHI,L,-8.0
1610612741,Chicago Bulls,0022400336,"DEC 06, 2024",CHI vs. IND,L,-9.0
1610612741,Chicago Bulls,0022400331,"DEC 05, 2024",CHI @ SAS,W,15.0
1610612741,Chicago Bulls,0022400317,"DEC 02, 2024",CHI vs. BKN,W,26.0
1610612741,Chicago Bulls,0022400047,"NOV 29, 2024",CHI vs. BOS,L,-9.0
1610612741,Chicago Bulls,0022400289,"NOV 27, 2024",CHI @ ORL,L,-14.0
1610612741,Chicago Bulls,0022400035,"NOV 26, 2024",CHI @ WAS,W,19.0
1610612741,Chicago Bulls,0022400266,"NOV 23, 2024",CHI vs. MEM,L,-11.0
1610612741,Chicago Bulls,0022400030,"NOV 22, 2024",CHI vs. ATL,W,14.0
1610612741,Chicago Bulls,0022400253,"NOV 20, 2024",CHI @ MIL,L,-16.0
1610612741,Chicago Bulls,0022400244,"NOV 18, 2024",CHI @ DET,W,10.0
1610612741,Chicago Bulls,0022400241,"NOV 17, 2024",CHI vs. HOU,L,-36.0
1610612741,Chicago Bulls,0022400013,"NOV 15, 2024",CHI @ CLE,L,-18.0
1610612741,Chicago Bulls,0022400219,"NOV 13, 2024",CHI @ NYK,W,1.0
1610612741,Chicago Bulls,0022400212,"NOV 11, 2024",CHI vs. CLE,L,-6.0
1610612741,Chicago Bulls,0022400198,"NOV 09, 2024",CHI @ ATL,W,12.0
1610612741,Chicago Bulls,0022400181,"NOV 07, 2024",CHI vs. MIN,L,-16.0
1610612741,Chicago Bulls,0022400176,"NOV 06, 2024",CHI @ DAL,L,-20.0
1610612741,Chicago Bulls,0022400160,"NOV 04, 2024",CHI vs. UTA,L,-9.0
1610612741,Chicago Bulls,0022400136,"NOV 01, 2024",CHI @ BKN,L,-8.0
1610612741,Chicago Bulls,0022400123,"OCT 30, 2024",CHI vs. ORL,W,3.0
1610612741,Chicago Bulls,0022400108,"OCT 28, 2024",CHI @ MEM,W,3.0
1610612741,Chicago Bulls,0022400091,"OCT 26, 2024",CHI vs. OKC,L,-19.0
1610612741,Chicago Bulls,0022400083,"OCT 25, 2024",CHI @ MIL,W,11.0
1610612741,Chicago Bulls,0022400069,"OCT 23, 2024",CHI @ NOP,L,-12.0
1610612742,Dallas Mavericks,0022401194,"APR 13, 2025",DAL @ MEM,L,-35.0
1610612742,Dallas Mavericks,0022401178,"APR 11, 2025",DAL vs. TOR,W,22.0
1610612742,Dallas Mavericks,0022401159,"APR 09, 2025",DAL vs. LAL,L,-15.0
1610612742,Dallas Mavericks,0022401132,"APR 05, 2025",DAL @ LAC,L,-31.0
1610612742,Dallas Mavericks,0022401127,"APR 04, 2025",DAL @ LAC,L,-23.0
1610612742,Dallas Mavericks,0022401109,"APR 02, 2025",DAL vs. ATL,W,2.0
1610612742,Dallas Mavericks,0022401095,"MAR 31, 2025",DAL vs. BKN,L,-4.0
1610612742,Dallas Mavericks,0022401077,"MAR 29, 2025",DAL @ CHI,W,1.0
1610612742,Dallas Mavericks,0022401060,"MAR 27, 2025",DAL @ ORL,W,9.0
1610612742,Dallas Mavericks,0022401048,"MAR 25, 2025",DAL @ NYK,L,-15.0
1610612742,Dallas Mavericks,0022401040,"MAR 24, 2025",DAL @ BKN,W,19.0
1610612742,Dallas Mavericks,0022401019,"MAR 21, 2025",DAL vs. DET,W,6.0
1610612742,Dallas Mavericks,0022400998,"MAR 19, 2025",DAL @ IND,L,-4.0
1610612742,Dallas Mavericks,0022400976,"MAR 16, 2025",DAL vs. PHI,L,-5.0
1610612742,Dallas Mavericks,0022400961,"MAR 14, 2025",DAL @ HOU,L,-37.0
1610612742,Dallas Mavericks,0022400951,"MAR 12, 2025",DAL @ SAS,L,-10.0
1610612742,Dallas Mavericks,0022400937,"MAR 10, 2025",DAL @ SAS,W,4.0
1610612742,Dallas Mavericks,0022400921,"MAR 09, 2025",DAL vs. PHX,L,-9.0
1610612742,Dallas Mavericks,0022400906,"MAR 07, 2025",DAL vs. MEM,L,-11.0
1610612742,Dallas Mavericks,0022400897,"MAR 05, 2025",DAL @ MIL,L,-30.0
1610612742,Dallas Mavericks,0022400880,"MAR 03, 2025",DAL vs. SAC,L,-24.0
1610612742,Dallas Mavericks,0022400865,"MAR 01, 2025",DAL vs. MIL,L,-15.0
1610612742,Dallas Mavericks,0022400847,"FEB 27, 2025",DAL vs. CHA,W,7.0
1610612742,Dallas Mavericks,0022400835,"FEB 25, 2025",DAL @ LAL,L,-8.0
1610612742,Dallas Mavericks,0022400812,"FEB 23, 2025",DAL @ GSW,L,-24.0
1610612742,Dallas Mavericks,0022400803,"FEB 21, 2025",DAL vs. NOP,W,8.0
1610612742,Dallas Mavericks,0022400786,"FEB 13, 2025",DAL vs. MIA,W,5.0
1610612742,Dallas Mavericks,0022400782,"FEB 12, 2025",DAL vs. GSW,W,4.0
1610612742,Dallas Mavericks,0022400762,"FEB 10, 2025",DAL vs. SAC,L,-1.0
1610612742,Dallas Mavericks,0022400741,"FEB 08, 2025",DAL vs. HOU,W,11.0
1610612742,Dallas Mavericks,0022400728,"FEB 06, 2025",DAL @ BOS,W,7.0
1610612742,Dallas Mavericks,0022400712,"FEB 04, 2025",DAL @ PHI,L,-2.0
1610612742,Dallas Mavericks,0022400696,"FEB 02, 2025",DAL @ CLE,L,-43.0
1610612742,Dallas Mavericks,0022400680,"JAN 31, 2025",DAL @ DET,L,-15.0
1610612742,Dallas Mavericks,0022400670,"JAN 29, 2025",DAL @ NOP,W,1.0
1610612742,Dallas Mavericks,0022400657,"JAN 27, 2025",DAL vs. WAS,W,22.0
1610612742,Dallas Mavericks,0022400635,"JAN 25, 2025",DAL vs. BOS,L,-15.0
1610612742,Dallas Mavericks,0022400625,"JAN 23, 2025",DAL @ OKC,W,6.0
1610612742,Dallas Mavericks,0022400614,"JAN 22, 2025",DAL vs. MIN,L,-1.0
1610612742,Dallas Mavericks,0022400599,"JAN 20, 2025",DAL @ CHA,L,-5.0
1610612742,Dallas Mavericks,0022400583,"JAN 17, 2025",DAL vs. OKC,W,8.0
1610612742,Dallas Mavericks,0022400566,"JAN 15, 2025",DAL @ NOP,L,-3.0
1610612742,Dallas Mavericks,0022400559,"JAN 14, 2025",DAL vs. DEN,L,-19.0
1610612742,Dallas Mavericks,0022400540,"JAN 12, 2025",DAL vs. DEN,L,-11.0
1610612742,Dallas Mavericks,0022400521,"JAN 09, 2025",DAL vs. POR,W,6.0
1610612742,Dallas Mavericks,0022400504,"JAN 07, 2025",DAL vs. LAL,W,21.0
1610612742,Dallas Mavericks,0022400499,"JAN 06, 2025",DAL @ MEM,L,-15.0
1610612742,Dallas Mavericks,0022400474,"JAN 03, 2025",DAL vs. CLE,L,-12.0
1610612742,Dallas Mavericks,0022400460,"JAN 01, 2025",DAL @ HOU,L,-11.0
1610612742,Dallas Mavericks,0022400448,"DEC 30, 2024",DAL @ SAC,L,-10.0
1610612742,Dallas Mavericks,0022400434,"DEC 28, 2024",DAL @ POR,L,-4.0
1610612742,Dallas Mavericks,0022400425,"DEC 27, 2024",DAL @ PHX,W,9.0
1610612742,Dallas Mavericks,0022400406,"DEC 25, 2024",DAL vs. MIN,L,-6.0
1610612742,Dallas Mavericks,0022400401,"DEC 23, 2024",DAL vs. POR,W,24.0
1610612742,Dallas Mavericks,0022400385,"DEC 21, 2024",DAL vs. LAC,W,16.0
1610612742,Dallas Mavericks,0022400368,"DEC 19, 2024",DAL vs. LAC,L,-23.0
1610612742,Dallas Mavericks,0022401228,"DEC 15, 2024",DAL @ GSW,W,10.0
1610612742,Dallas Mavericks,0022401203,"DEC 10, 2024",DAL @ OKC,L,-14.0
1610612742,Dallas Mavericks,0022400344,"DEC 07, 2024",DAL @ TOR,W,7.0
1610612742,Dallas Mavericks,0022400326,"DEC 05, 2024",DAL @ WAS,W,36.0
1610612742,Dallas Mavericks,0022400056,"DEC 03, 2024",DAL vs. MEM,W,5.0
1610612742,Dallas Mavericks,0022400312,"DEC 01, 2024",DAL @ POR,W,6.0
1610612742,Dallas Mavericks,0022400304,"NOV 30, 2024",DAL @ UTA,W,12.0
1610612742,Dallas Mavericks,0022400292,"NOV 27, 2024",DAL vs. NYK,W,15.0
1610612742,Dallas Mavericks,0022400280,"NOV 25, 2024",DAL @ ATL,W,10.0
1610612742,Dallas Mavericks,0022400273,"NOV 24, 2024",DAL @ MIA,L,-5.0
1610612742,Dallas Mavericks,0022400033,"NOV 22, 2024",DAL @ DEN,W,3.0
1610612742,Dallas Mavericks,0022400024,"NOV 19, 2024",DAL vs. NOP,W,41.0
1610612742,Dallas Mavericks,0022400242,"NOV 17, 2024",DAL @ OKC,W,2.0
1610612742,Dallas Mavericks,0022400232,"NOV 16, 2024",DAL vs. SAS,W,17.0
1610612742,Dallas Mavericks,0022400228,"NOV 14, 2024",DAL @ UTA,L,-2.0
1610612742,Dallas Mavericks,0022400007,"NOV 12, 2024",DAL @ GSW,L,-3.0
1610612742,Dallas Mavericks,0022400208,"NOV 10, 2024",DAL @ DEN,L,-2.0
1610612742,Dallas Mavericks,0022400190,"NOV 08, 2024",DAL vs. PHX,L,-1.0
1610612742,Dallas Mavericks,0022400176,"NOV 06, 2024",DAL vs. CHI,W,20.0
1610612742,Dallas Mavericks,0022400165,"NOV 04, 2024",DAL vs. IND,L,-7.0
1610612742,Dallas Mavericks,0022400153,"NOV 03, 2024",DAL vs. ORL,W,23.0
1610612742,Dallas Mavericks,0022400129,"OCT 31, 2024",DAL vs. HOU,L,-6.0
1610612742,Dallas Mavericks,0022400114,"OCT 29, 2024",DAL @ MIN,W,6.0
1610612742,Dallas Mavericks,0022400110,"OCT 28, 2024",DAL vs. UTA,W,8.0
1610612742,Dallas Mavericks,0022400095,"OCT 26, 2024",DAL @ PHX,L,-12.0
1610612742,Dallas Mavericks,0022400074,"OCT 24, 2024",DAL vs. SAS,W,11.0
1610612743,Denver Nuggets,0022401193,"APR 13, 2025",DEN @ HOU,W,15.0
1610612743,Denver Nuggets,0022401180,"APR 11, 2025",DEN vs. MEM,W,8.0
1610612743,Denver Nuggets,0022401165,"APR 09, 2025",DEN @ SAC,W,8.0
1610612743,Denver Nuggets,0022401142,"APR 06, 2025",DEN vs. IND,L,-5.0
1610612743,Denver Nuggets,0022401125,"APR 04, 2025",DEN @ GSW,L,-14.0
1610612743,Denver Nuggets,0022401110,"APR 02, 2025",DEN vs. SAS,L,-7.0
1610612743,Denver Nuggets,0022401102,"APR 01, 2025",DEN vs. MIN,L,-1.0
1610612743,Denver Nuggets,0022401073,"MAR 28, 2025",DEN vs. UTA,W,36.0
1610612743,Denver Nuggets,0022401057,"MAR 26, 2025",DEN vs. MIL,W,10.0
1610612743,Denver Nuggets,0022401042,"MAR 24, 2025",DEN vs. CHI,L,-10.0
1610612743,Denver Nuggets,0022401035,"MAR 23, 2025",DEN @ HOU,W,5.0
1610612743,Denver Nuggets,0022401022,"MAR 21, 2025",DEN @ POR,L,-19.0
1610612743,Denver Nuggets,0022401006,"MAR 19, 2025",DEN @ LAL,L,-12.0
1610612743,Denver Nuggets,0022400990,"MAR 17, 2025",DEN @ GSW,W,9.0
1610612743,Denver Nuggets,0022400975,"MAR 15, 2025",DEN vs. WAS,L,-3.0
1610612743,Denver Nuggets,0022400965,"MAR 14, 2025",DEN vs. LAL,W,5.0
1610612743,Denver Nuggets,0022400952,"MAR 12, 2025",DEN vs. MIN,L,-20.0
1610612743,Denver Nuggets,0022400936,"MAR 10, 2025",DEN @ OKC,W,13.0
1610612743,Denver Nuggets,0022400920,"MAR 09, 2025",DEN @ OKC,L,-24.0
1610612743,Denver Nuggets,0022400909,"MAR 07, 2025",DEN vs. PHX,W,8.0
1610612743,Denver Nuggets,0022400896,"MAR 05, 2025",DEN vs. SAC,W,6.0
1610612743,Denver Nuggets,0022400866,"MAR 02, 2025",DEN @ BOS,L,-7.0
1610612743,Denver Nuggets,0022400850,"FEB 28, 2025",DEN @ DET,W,15.0
1610612743,Denver Nuggets,0022400846,"FEB 27, 2025",DEN @ MIL,L,-9.0
1610612743,Denver Nuggets,0022400822,"FEB 24, 2025",DEN @ IND,W,9.0
1610612743,Denver Nuggets,0022400808,"FEB 22, 2025",DEN vs. LAL,L,-23.0
1610612743,Denver Nuggets,0022400794,"FEB 20, 2025",DEN vs. CHA,W,14.0
1610612743,Denver Nuggets,0022400780,"FEB 12, 2025",DEN vs. POR,W,11.0
1610612743,Denver Nuggets,0022400763,"FEB 10, 2025",DEN vs. POR,W,29.0
1610612743,Denver Nuggets,0022400749,"FEB 08, 2025",DEN @ PHX,W,17.0
1610612743,Denver Nuggets,0022400730,"FEB 06, 2025",DEN vs. ORL,W,22.0
1610612743,Denver Nuggets,0022400726,"FEB 05, 2025",DEN vs. NOP,W,25.0
1610612743,Denver Nuggets,0022400706,"FEB 03, 2025",DEN vs. NOP,W,12.0
1610612743,Denver Nuggets,0022400688,"FEB 01, 2025",DEN @ CHA,W,3.0
1610612743,Denver Nuggets,0022400681,"JAN 31, 2025",DEN @ PHI,W,3.0
1610612743,Denver Nuggets,0022400668,"JAN 29, 2025",DEN @ NYK,L,-10.0
1610612743,Denver Nuggets,0022400655,"JAN 27, 2025",DEN @ CHI,L,-8.0
1610612743,Denver Nuggets,0022400634,"JAN 25, 2025",DEN @ MIN,L,-29.0
1610612743,Denver Nuggets,0022400626,"JAN 23, 2025",DEN vs. SAC,W,9.0
1610612743,Denver Nuggets,0022400609,"JAN 21, 2025",DEN vs. PHI,W,35.0
1610612743,Denver Nuggets,0022400593,"JAN 19, 2025",DEN @ ORL,W,13.0
1610612743,Denver Nuggets,0022400579,"JAN 17, 2025",DEN @ MIA,W,20.0
1610612743,Denver Nuggets,0022400568,"JAN 15, 2025",DEN vs. HOU,L,-20.0
1610612743,Denver Nuggets,0022400559,"JAN 14, 2025",DEN @ DAL,W,19.0
1610612743,Denver Nuggets,0022400540,"JAN 12, 2025",DEN @ DAL,W,11.0
1610612743,Denver Nuggets,0022400531,"JAN 10, 2025",DEN vs. BKN,W,19.0
1610612743,Denver Nuggets,0022400515,"JAN 08, 2025",DEN vs. LAC,W,23.0
1610612743,Denver Nuggets,0022400507,"JAN 07, 2025",DEN vs. BOS,L,-12.0
1610612743,Denver Nuggets,0022400484,"JAN 04, 2025",DEN @ SAS,W,11.0
1610612743,Denver Nuggets,0022400475,"JAN 03, 2025",DEN vs. SAS,L,-3.0
1610612743,Denver Nuggets,0022400461,"JAN 01, 2025",DEN vs. ATL,W,19.0
1610612743,Denver Nuggets,0022400445,"DEC 30, 2024",DEN @ UTA,W,11.0
1610612743,Denver Nuggets,0022400432,"DEC 28, 2024",DEN vs. DET,W,13.0
1610612743,Denver Nuggets,0022400424,"DEC 27, 2024",DEN vs. CLE,L,-14.0
1610612743,Denver Nuggets,0022400409,"DEC 25, 2024",DEN @ PHX,L,-10.0
1610612743,Denver Nuggets,0022400402,"DEC 23, 2024",DEN vs. PHX,W,27.0
1610612743,Denver Nuggets,0022400390,"DEC 22, 2024",DEN @ NOP,W,3.0
1610612743,Denver Nuggets,0022400371,"DEC 19, 2024",DEN @ POR,L,-2.0
1610612743,Denver Nuggets,0022401225,"DEC 16, 2024",DEN @ SAC,W,1.0
1610612743,Denver Nuggets,0022401213,"DEC 13, 2024",DEN vs. LAC,W,22.0
1610612743,Denver Nuggets,0022400350,"DEC 08, 2024",DEN @ ATL,W,30.0
1610612743,Denver Nuggets,0022400341,"DEC 07, 2024",DEN @ WAS,L,-9.0
1610612743,Denver Nuggets,0022400325,"DEC 05, 2024",DEN @ CLE,L,-12.0
1610612743,Denver Nuggets,0022400058,"DEC 03, 2024",DEN vs. GSW,W,4.0
1610612743,Denver Nuggets,0022400314,"DEC 01, 2024",DEN @ LAC,L,-4.0
1610612743,Denver Nuggets,0022400298,"NOV 27, 2024",DEN @ UTA,W,19.0
1610612743,Denver Nuggets,0022400283,"NOV 25, 2024",DEN vs. NYK,L,-27.0
1610612743,Denver Nuggets,0022400270,"NOV 23, 2024",DEN @ LAL,W,25.0
1610612743,Denver Nuggets,0022400033,"NOV 22, 2024",DEN vs. DAL,L,-3.0
1610612743,Denver Nuggets,0022400023,"NOV 19, 2024",DEN @ MEM,W,12.0
1610612743,Denver Nuggets,0022400238,"NOV 17, 2024",DEN @ MEM,L,-15.0
1610612743,Denver Nuggets,0022400017,"NOV 15, 2024",DEN @ NOP,L,-7.0
1610612743,Denver Nuggets,0022400208,"NOV 10, 2024",DEN vs. DAL,W,2.0
1610612743,Denver Nuggets,0022400194,"NOV 08, 2024",DEN vs. MIA,W,13.0
1610612743,Denver Nuggets,0022400177,"NOV 06, 2024",DEN vs. OKC,W,2.0
1610612743,Denver Nuggets,0022400166,"NOV 04, 2024",DEN vs. TOR,W,2.0
1610612743,Denver Nuggets,0022400148,"NOV 02, 2024",DEN vs. UTA,W,26.0
1610612743,Denver Nuggets,0022400139,"NOV 01, 2024",DEN @ MIN,L,-3.0
1610612743,Denver Nuggets,0022400113,"OCT 29, 2024",DEN @ BKN,W,5.0
1610612743,Denver Nuggets,0022400107,"OCT 28, 2024",DEN @ TOR,W,2.0
1610612743,Denver Nuggets,0022400087,"OCT 26, 2024",DEN vs. LAC,L,-5.0
1610612743,Denver Nuggets,0022400075,"OCT 24, 2024",DEN vs. OKC,L,-15.0
